B02,B03,B04,B08,B11,NDVI,NDWI,Longitude,Latitude,Kelas,Target
725,1053,1395,2864,3501,0.3449166470192729,-0.46234363021129854,111.87767721091576,-6.897550145211432,Sawah,1
549,784,1080,2622,3034,0.41653160442557224,-0.5396359364240646,111.87784124852175,-6.897592398222205,Sawah,1
536,952,1107,2866,2877,0.44273848466077564,-0.5013095860394684,111.87797467725787,-6.8976449135597475,Sawah,1
729,1147,1469,2971,3811,0.3382882882120972,-0.4429334627384814,111.87762022721478,-6.897741023627496,Sawah,1
652,950,1331,2859,3353,0.36467780420890744,-0.5011814123126329,111.87778212960319,-6.897795717909931,Sawah,1
743,1045,1366,2935,3754,0.3647988838956524,-0.4748743717399813,111.87757952447427,-6.89796244286435,Sawah,1
983,1345,1884,2910,3883,0.21401752185773518,-0.3678025851074494,111.87743857876221,-6.897952242482223,Sawah,1
469,694,956,2363,2762,0.4239228682061094,-0.5459600914144717,111.8777479473758,-6.898016015715309,Sawah,1
356,588,492,2269,2326,0.6436073883942024,-0.5883794187650054,111.87789051157708,-6.898042641544932,Sawah,1
681,955,1072,2976,2953,0.47035573110910184,-0.514118544768731,111.8773049574902,-6.898187214783437,Sawah,1
789,1146,1381,3120,2936,0.38635858689483255,-0.4627285512276773,111.87748595843668,-6.898198482054302,Sawah,1
666,927,1042,3081,2453,0.4945428085145421,-0.5374251495665107,111.87767748913492,-6.898245380545396,Sawah,1
664,974,1057,3174,2511,0.5003545259984981,-0.5303760847323105,111.87785099885888,-6.898290183411836,Sawah,1
667,997,1127,3135,2916,0.47114030960320497,-0.5174249756734208,111.87731368072353,-6.898489795360253,Sawah,1
676,989,1133,3069,2725,0.4607329841835476,-0.5125677672467798,111.87751178359456,-6.898529650812501,Sawah,1
693,1039,1193,2993,2744,0.4300047777281403,-0.4846230157528217,111.87768714956998,-6.898559695611476,Sawah,1
796,1073,1292,3127,2980,0.41525231943533547,-0.4890476189311791,111.87784765363186,-6.898618857538836,Sawah,1
648,991,994,3428,2901,0.5504296697081796,-0.5514822356751568,111.8772190557596,-6.898776654813005,Sawah,1
644,981,945,3147,2567,0.538123167023919,-0.5247093021984716,111.87741238349176,-6.898835158989125,Sawah,1
664,1037,964,3323,2675,0.5502682527291186,-0.5243119264852495,111.87759115214942,-6.898891012803551,Sawah,1
728,1039,1184,2788,2785,0.40382678741091976,-0.4570159392586841,111.87773908959227,-6.898951987913641,Sawah,1
635,969,1000,3271,2696,0.5317255910719443,-0.5429245281738385,111.87711613411386,-6.8990161945415025,Sawah,1
658,984,963,3179,2638,0.5350072427486704,-0.5272639921865808,111.87727710599256,-6.899068088042127,Sawah,1
615,945,985,3149,2638,0.5234639572995975,-0.5383488029950296,111.87744593819782,-6.899102384777516,Sawah,1
674,893,1034,2788,2871,0.458922030230528,-0.514805759164682,111.8776371590037,-6.89917710927138,Sawah,1
667,954,960,3262,2877,0.5452392229878638,-0.5474383300409301,111.87702743164462,-6.899233496457226,Sawah,1
648,952,990,3096,2665,0.5154185020765006,-0.5296442686438626,111.8771824130428,-6.8993063659956535,Sawah,1
633,968,963,3184,2555,0.5355678802663207,-0.533718689659509,111.87737153989708,-6.899343788536452,Sawah,1
668,996,1201,3022,2699,0.43121004015363246,-0.5042309605514607,111.87755720852634,-6.899362237829569,Sawah,1
613,895,1024,2981,3444,0.4886392008767443,-0.5381836943915935,111.87689557846348,-6.8994471268098545,Sawah,1
583,851,1030,3049,3220,0.4949742582753189,-0.5635897434452334,111.87705615912562,-6.899500773319743,Sawah,1
606,895,839,3088,2651,0.5727018078500887,-0.5505900073937761,111.87718209990975,-6.8995219871502504,Sawah,1
596,887,706,3047,2430,0.6237676523784259,-0.5490594813042554,111.87732073888316,-6.899552368102409,Sawah,1
570,850,773,3049,2649,0.5954997382010728,-0.5639907667186482,111.87747439408048,-6.899592811144567,Sawah,1
908,1246,1608,2815,3581,0.27289170240269234,-0.3863580397965137,111.87677909176966,-6.899630821039012,Sawah,1
874,1199,1620,2861,3409,0.27694710995828004,-0.40935960581050257,111.87692409901128,-6.899679709365824,Sawah,1
818,1138,1490,3027,3409,0.34027009069287795,-0.4535414164577331,111.87705953354705,-6.899722564884525,Sawah,1
657,955,874,3210,2886,0.5719882466767904,-0.5414165664966586,111.87722010033048,-6.899726376647196,Sawah,1
500,814,938,2700,3105,0.4843320504441089,-0.5367103014978059,111.87739335665748,-6.899805478199896,Sawah,1
481,719,783,2383,2792,0.5053695513248991,-0.5364281107232662,111.88155201107206,-6.899972985597509,Sawah,1
551,833,1006,2642,2800,0.4484649121577673,-0.5205755394185394,111.88171339251619,-6.9000108725141835,Sawah,1
498,791,893,2402,2747,0.4579666159459889,-0.5045411836816345,111.88190960107269,-6.89999792186843,Sawah,1
510,806,977,2468,2728,0.4328011609774162,-0.5076359192096408,111.88149781646587,-6.900193630089608,Sawah,1
588,831,1088,2529,2722,0.3983964610455083,-0.5053571427067389,111.88175515628102,-6.900242099336409,Sawah,1
504,833,1006,2734,2853,0.46203208543795937,-0.5329408465004372,111.88144884788379,-6.900385452164807,Sawah,1
515,831,1066,2532,2812,0.4074485824326157,-0.5057983941404108,111.88173788334812,-6.900492066767427,Sawah,1
537,775,939,1565,2302,0.24999999990015975,-0.3376068374625612,111.88211184619936,-6.900007357817955,Sawah,1
518,693,842,1510,2199,0.2840136053214228,-0.3708579208484531,111.88202039506763,-6.900286625547154,Sawah,1
550,762,844,3398,2718,0.6020744930216703,-0.6336538460015254,111.88262562865634,-6.8956592268795385,Sawah,1
569,887,916,3064,2997,0.539698492326709,-0.5509997467600608,111.88295642301469,-6.895762101863765,Sawah,1
1589,2012,2561,3108,3063,0.09648968070268306,-0.2140624999581909,111.88416254927834,-6.890208534652489,Non-Sawah,0
569,795,856,2295,2578,0.4566804187696984,-0.48543689304678417,111.88479003440837,-6.890405820083652,Non-Sawah,0
1655,1849,2118,2286,3938,0.038147138955915726,-0.10568319223562679,111.88273803198398,-6.890512840739605,Non-Sawah,0
763,898,981,1395,2151,0.1742424241690899,-0.21674662005375203,111.88270358457913,-6.891001869231597,Non-Sawah,0
2351,2563,2585,2495,3464,-0.017716535429583357,0.013444049028579666,111.88313813222445,-6.891035640710052,Non-Sawah,0
1646,1830,1970,2249,3200,0.06612941453753747,-0.10272125518442725,111.88332832112044,-6.8906127324874324,Non-Sawah,0
1239,1282,1476,1620,3115,0.04651162789195361,-0.11647139899501331,111.88380353361528,-6.890740854245706,Non-Sawah,0
1565,1765,1918,2430,3015,0.11775528976132582,-0.15852205002180642,111.88354487333777,-6.891143568102531,Non-Sawah,0
850,1021,1020,2015,2693,0.3278418450320126,-0.3274044794705519,111.88510992862169,-6.890522455887354,Non-Sawah,0
823,1004,1064,1931,2754,0.2894824706879858,-0.3158432707612118,111.88486347678493,-6.89090189463369,Non-Sawah,0
2194,2598,2917,3245,3832,0.053229470942351594,-0.11073078895931357,111.88456566532095,-6.893107336393807,Non-Sawah,0
1321,1464,1661,2003,3260,0.09334061132823673,-0.15546582054933206,111.8854560669179,-6.892733336656636,Non-Sawah,0
1053,1249,1216,2297,2750,0.3077142042961246,-0.2955442751563609,111.88504672601523,-6.892602944295591,Non-Sawah,0
612,750,928,2186,2773,0.4039820165690488,-0.48910081727210464,111.88500225348545,-6.893222338007531,Non-Sawah,0
1163,1322,1538,1782,3049,0.07349397588147773,-0.1481958762409163,111.88534551556968,-6.893386977459424,Non-Sawah,0
1016,1184,1321,1874,2812,0.17308294204285354,-0.22563767160705114,111.8860577028853,-6.892265718554766,Non-Sawah,0
918,1116,1447,2004,2977,0.1614024919845255,-0.28461538452416174,111.88647719401214,-6.892435180855482,Non-Sawah,0
714,800,925,1412,3172,0.20838682062114386,-0.2766726942691353,111.8869046894778,-6.8925035969838575,Non-Sawah,0
612,704,919,1741,2598,0.3090225562748036,-0.42413087917213466,111.88589587447248,-6.892886723953181,Non-Sawah,0
1123,1248,1255,1932,3149,0.21242547843977866,-0.2150943395550018,111.88640256082472,-6.893019223857701,Non-Sawah,0
1125,1233,1377,1843,3075,0.1447204968494657,-0.19830949278338444,111.88526748062466,-6.894001331697636,Non-Sawah,0
993,1294,1371,2148,3102,0.22080136396112493,-0.24811156297265788,111.88512920020827,-6.8945580027915065,Non-Sawah,0
666,809,768,2336,2674,0.5051546390125147,-0.485532591260562,111.88470779382334,-6.894697171557411,Non-Sawah,0
912,940,1170,1476,2757,0.1156462584596953,-0.22185430454393448,111.88585584797667,-6.893400450545328,Non-Sawah,0
835,926,1127,1593,3050,0.17132352934877812,-0.26478761402747614,111.88631338245762,-6.893530493266022,Non-Sawah,0
1019,1092,1112,1528,2917,0.1575757575160698,-0.16641221367694192,111.88510375258417,-6.895026800100033,Non-Sawah,0
1448,1470,1692,2201,3112,0.13074749547116685,-0.19912830286049352,111.88729574749004,-6.892656184011349,Non-Sawah,0
748,943,1058,1780,3074,0.25440451012882154,-0.3073815643380898,111.88689236333458,-6.893018330495924,Non-Sawah,0
861,1003,1154,1614,2999,0.166184971038228,-0.23347344278430515,111.88696559205982,-6.892027108684522,Non-Sawah,0
923,1031,1120,1605,2970,0.17798165131083243,-0.21775417290677004,111.88738934524736,-6.892190552873138,Non-Sawah,0
892,1108,1267,1714,3029,0.14994968126469316,-0.21474131813793718,111.88754229999999,-6.893062366666667,Non-Sawah,0
970,1100,1150,1750,2700,0.2068965516527943,-0.22807017535857188,111.88780064850363,-6.892683259996373,Non-Sawah,0
859,1172,1245,2288,2828,0.2952165297777479,-0.3225433525079355,111.88209205505159,-6.891748693201414,Non-Sawah,0
426,582,511,2365,2667,0.6446453405268966,-0.6050220561231686,111.88579421643988,-6.893975958458776,Non-Sawah,0
774,884,1001,1498,2856,0.19887955174114463,-0.2577665825953961,111.88577730417661,-6.894456589518652,Non-Sawah,0
1104,1281,1553,1843,3296,0.08539458183586732,-0.17989756716392524,111.88628531328251,-6.894538671750551,Non-Sawah,0
701,838,914,1776,2929,0.32044609653515016,-0.3588370312322735,111.88489829786539,-6.891890690502146,Non-Sawah,0
535,707,671,2214,2513,0.534835355100577,-0.5159192055748308,111.88498252048525,-6.891518144737257,Non-Sawah,0
1379,1544,1661,1962,3148,0.08308032015371783,-0.11922418707380943,111.88728211055312,-6.891693872711298,Non-Sawah,0
2217,2583,2856,3213,3357,0.05882352940207224,-0.10869565215515947,111.88776717691066,-6.891851468289819,Non-Sawah,0
871,976,1204,1591,3334,0.13846153841199946,-0.23957927532544634,111.87930962265824,-6.891169220100364,Non-Sawah,0
752,853,962,1495,2888,0.21693121684292585,-0.2734241906842316,111.87885658350798,-6.891013891310461,Non-Sawah,0
1053,1148,1475,1906,3505,0.12747707774993283,-0.24819908308834346,111.87912426786527,-6.891596445051769,Non-Sawah,0
1180,1406,1641,2059,3004,0.11297297294243974,-0.18845598840160002,111.87852849628948,-6.891413280971832,Non-Sawah,0
735,851,1063,1901,3193,0.282726045788554,-0.3815406975357774,111.87889984274916,-6.892016368224663,Non-Sawah,0
613,759,885,1786,2700,0.3373268437524048,-0.403536345617471,111.87825000496456,-6.891888599955383,Non-Sawah,0
762,890,1169,1726,3047,0.19240069077982705,-0.3195718653212646,111.87885898119909,-6.892551133813598,Non-Sawah,0
772,951,1232,1613,3238,0.133919156367691,-0.2581903275124063,111.87808004693413,-6.892434745005327,Non-Sawah,0
933,1043,1192,1689,3127,0.1725095452368936,-0.23645680811257072,111.8779410418351,-6.893000709514837,Non-Sawah,0
696,793,1088,1672,3106,0.21159420282188618,-0.3565922919445873,111.8785552152145,-6.893092604462933,Non-Sawah,0
