B02,B03,B04,B08,B11,NDVI,NDWI,Longitude,Latitude,Kelas
503,779,807,3075,2624,0.5842349302977241,-0.5957446806964856,111.87767721091576,-6.897550145211432,Sawah
503,779,807,3075,2624,0.5842349302977241,-0.5957446806964856,111.87784124852175,-6.897592398222205,Sawah
503,779,807,3075,2624,0.5842349302977241,-0.5957446806964856,111.87797467725787,-6.8976449135597475,Sawah
503,779,807,3075,2624,0.5842349302977241,-0.5957446806964856,111.87762022721478,-6.897741023627496,Sawah
503,779,807,3075,2624,0.5842349302977241,-0.5957446806964856,111.87778212960319,-6.897795717909931,Sawah
503,779,807,3075,2624,0.5842349302977241,-0.5957446806964856,111.87757952447427,-6.89796244286435,Sawah
539,867,1061,2948,3105,0.4706909452555024,-0.5454783746931905,111.87743857876221,-6.897952242482223,Sawah
503,779,807,3075,2624,0.5842349302977241,-0.5957446806964856,111.8777479473758,-6.898016015715309,Sawah
503,779,807,3075,2624,0.5842349302977241,-0.5957446806964856,111.87789051157708,-6.898042641544932,Sawah
539,867,1061,2948,3105,0.4706909452555024,-0.5454783746931905,111.8773049574902,-6.898187214783437,Sawah
539,867,1061,2948,3105,0.4706909452555024,-0.5454783746931905,111.87748595843668,-6.898198482054302,Sawah
503,779,807,3075,2624,0.5842349302977241,-0.5957446806964856,111.87767748913492,-6.898245380545396,Sawah
503,779,807,3075,2624,0.5842349302977241,-0.5957446806964856,111.87785099885888,-6.898290183411836,Sawah
539,867,1061,2948,3105,0.4706909452555024,-0.5454783746931905,111.87731368072353,-6.898489795360253,Sawah
602,911,1057,2852,2831,0.4591967253877727,-0.5158118521084741,111.87751178359456,-6.898529650812501,Sawah
1432,1555,1774,2126,3566,0.0902564102332676,-0.1551208910200704,111.87768714956998,-6.898559695611476,Sawah
1432,1555,1774,2126,3566,0.0902564102332676,-0.1551208910200704,111.87784765363186,-6.898618857538836,Sawah
602,911,1057,2852,2831,0.4591967253877727,-0.5158118521084741,111.8772190557596,-6.898776654813005,Sawah
602,911,1057,2852,2831,0.4591967253877727,-0.5158118521084741,111.87741238349176,-6.898835158989125,Sawah
1432,1555,1774,2126,3566,0.0902564102332676,-0.1551208910200704,111.87759115214942,-6.898891012803551,Sawah
1432,1555,1774,2126,3566,0.0902564102332676,-0.1551208910200704,111.87773908959227,-6.898951987913641,Sawah
602,911,1057,2852,2831,0.4591967253877727,-0.5158118521084741,111.87711613411386,-6.8990161945415025,Sawah
602,911,1057,2852,2831,0.4591967253877727,-0.5158118521084741,111.87727710599256,-6.899068088042127,Sawah
602,911,1057,2852,2831,0.4591967253877727,-0.5158118521084741,111.87744593819782,-6.899102384777516,Sawah
1432,1555,1774,2126,3566,0.0902564102332676,-0.1551208910200704,111.8776371590037,-6.89917710927138,Sawah
602,911,1057,2852,2831,0.4591967253877727,-0.5158118521084741,111.87702743164462,-6.899233496457226,Sawah
602,911,1057,2852,2831,0.4591967253877727,-0.5158118521084741,111.8771824130428,-6.8993063659956535,Sawah
602,911,1057,2852,2831,0.4591967253877727,-0.5158118521084741,111.87737153989708,-6.899343788536452,Sawah
1432,1555,1774,2126,3566,0.0902564102332676,-0.1551208910200704,111.87755720852634,-6.899362237829569,Sawah
602,911,1057,2852,2831,0.4591967253877727,-0.5158118521084741,111.87689557846348,-6.8994471268098545,Sawah
602,911,1057,2852,2831,0.4591967253877727,-0.5158118521084741,111.87705615912562,-6.899500773319743,Sawah
538,840,1048,2333,3026,0.38006506939365126,-0.4705326188242885,111.87718209990975,-6.8995219871502504,Sawah
538,840,1048,2333,3026,0.38006506939365126,-0.4705326188242885,111.87732073888316,-6.899552368102409,Sawah
538,840,1048,2333,3026,0.38006506939365126,-0.4705326188242885,111.87747439408048,-6.899592811144567,Sawah
538,840,1048,2333,3026,0.38006506939365126,-0.4705326188242885,111.87677909176966,-6.899630821039012,Sawah
538,840,1048,2333,3026,0.38006506939365126,-0.4705326188242885,111.87692409901128,-6.899679709365824,Sawah
538,840,1048,2333,3026,0.38006506939365126,-0.4705326188242885,111.87705953354705,-6.899722564884525,Sawah
538,840,1048,2333,3026,0.38006506939365126,-0.4705326188242885,111.87722010033048,-6.899726376647196,Sawah
538,840,1048,2333,3026,0.38006506939365126,-0.4705326188242885,111.87739335665748,-6.899805478199896,Sawah
491,678,844,2204,2270,0.4461942255753956,-0.5294934071722786,111.88155201107206,-6.899972985597509,Sawah
491,678,844,2204,2270,0.4461942255753956,-0.5294934071722786,111.88171339251619,-6.9000108725141835,Sawah
491,678,844,2204,2270,0.4461942255753956,-0.5294934071722786,111.88190960107269,-6.89999792186843,Sawah
531,831,1252,2159,2974,0.26590442677633996,-0.4441471570420913,111.88149781646587,-6.900193630089608,Sawah
491,678,844,2204,2270,0.4461942255753956,-0.5294934071722786,111.88175515628102,-6.900242099336409,Sawah
531,831,1252,2159,2974,0.26590442677633996,-0.4441471570420913,111.88144884788379,-6.900385452164807,Sawah
491,678,844,2204,2270,0.4461942255753956,-0.5294934071722786,111.88173788334812,-6.900492066767427,Sawah
491,678,844,2204,2270,0.4461942255753956,-0.5294934071722786,111.88211184619936,-6.900007357817955,Sawah
491,678,844,2204,2270,0.4461942255753956,-0.5294934071722786,111.88202039506763,-6.900286625547154,Sawah
590,883,1071,2973,3207,0.4703264093792467,-0.5420124479922167,111.88262562865634,-6.8956592268795385,Sawah
590,883,1071,2973,3207,0.4703264093792467,-0.5420124479922167,111.88295642301469,-6.895762101863765,Sawah
704,976,1099,2356,2854,0.36382054982233847,-0.4141656661422072,111.88416254927834,-6.890208534652489,Bangunan
488,695,650,2486,2716,0.5854591834867796,-0.5630304933784878,111.88479003440837,-6.890405820083652,Bangunan
430,580,532,2317,2043,0.6265356263157124,-0.5995857781844717,111.88273803198398,-6.890512840739605,Bangunan
1739,1786,1878,1899,2995,0.005559968227280919,-0.03066485752220764,111.88270358457913,-6.891001869231597,Bangunan
1739,1786,1878,1899,2995,0.005559968227280919,-0.03066485752220764,111.88313813222445,-6.891035640710052,Bangunan
1739,1786,1878,1899,2995,0.005559968227280919,-0.03066485752220764,111.88332832112044,-6.8906127324874324,Bangunan
327,473,398,2144,2014,0.6868607393049329,-0.6385173860762257,111.88380353361528,-6.890740854245706,Bangunan
327,473,398,2144,2014,0.6868607393049329,-0.6385173860762257,111.88354487333777,-6.891143568102531,Bangunan
733,804,995,1570,2805,0.22417153987361735,-0.3226621734108416,111.88510992862169,-6.890522455887354,Bangunan
733,804,995,1570,2805,0.22417153987361735,-0.3226621734108416,111.88486347678493,-6.89090189463369,Bangunan
443,634,644,2411,2537,0.5783960718237656,-0.5835796385604008,111.88456566532095,-6.893107336393807,Bangunan
443,634,644,2411,2537,0.5783960718237656,-0.5835796385604008,111.8854560669179,-6.892733336656636,Bangunan
443,634,644,2411,2537,0.5783960718237656,-0.5835796385604008,111.88504672601523,-6.892602944295591,Bangunan
443,634,644,2411,2537,0.5783960718237656,-0.5835796385604008,111.88500225348545,-6.893222338007531,Bangunan
443,634,644,2411,2537,0.5783960718237656,-0.5835796385604008,111.88534551556968,-6.893386977459424,Bangunan
865,1025,1160,1542,2317,0.14137675790474585,-0.20140241519228577,111.8860577028853,-6.892265718554766,Bangunan
865,1025,1160,1542,2317,0.14137675790474585,-0.20140241519228577,111.88647719401214,-6.892435180855482,Bangunan
780,938,1054,1538,2917,0.18672839498968813,-0.2423263326969603,111.8869046894778,-6.8925035969838575,Bangunan
643,792,1490,1982,2901,0.1417050690836103,-0.4289834172930846,111.88589587447248,-6.892886723953181,Bangunan
643,792,1490,1982,2901,0.1417050690836103,-0.4289834172930846,111.88640256082472,-6.893019223857701,Bangunan
1707,1827,1778,2470,3062,0.16290018828556962,-0.14963928318602762,111.88526748062466,-6.894001331697636,Bangunan
588,728,797,1633,3103,0.34403292166912225,-0.38331215570380683,111.88512920020827,-6.8945580027915065,Bangunan
588,728,797,1633,3103,0.34403292166912225,-0.38331215570380683,111.88470779382334,-6.894697171557411,Bangunan
643,792,1490,1982,2901,0.1417050690836103,-0.4289834172930846,111.88585584797667,-6.893400450545328,Bangunan
734,911,952,1814,2539,0.3116413592510335,-0.3313761466673849,111.88631338245762,-6.893530493266022,Bangunan
588,728,797,1633,3103,0.34403292166912225,-0.38331215570380683,111.88510375258417,-6.895026800100033,Bangunan
960,1053,1283,1606,3013,0.11180339213852428,-0.20797292207296994,111.88729574749004,-6.892656184011349,Bangunan
960,1053,1283,1606,3013,0.11180339213852428,-0.20797292207296994,111.88689236333458,-6.893018330495924,Bangunan
780,938,1054,1538,2917,0.18672839498968813,-0.2423263326969603,111.88696559205982,-6.892027108684522,Bangunan
780,938,1054,1538,2917,0.18672839498968813,-0.2423263326969603,111.88738934524736,-6.892190552873138,Bangunan
680,869,992,1937,2935,0.3226357117368946,-0.38061297206678085,111.88754229999999,-6.893062366666667,Bangunan
680,869,992,1937,2935,0.3226357117368946,-0.38061297206678085,111.88780064850363,-6.892683259996373,Bangunan
431,678,660,2530,2879,0.5862068963679602,-0.5773067329871239,111.88209205505159,-6.891748693201414,Bangunan
734,911,952,1814,2539,0.3116413592510335,-0.3313761466673849,111.88579421643988,-6.893975958458776,Bangunan
734,911,952,1814,2539,0.3116413592510335,-0.3313761466673849,111.88577730417661,-6.894456589518652,Bangunan
683,781,874,1407,2884,0.2336694431242133,-0.2861060327760027,111.88628531328251,-6.894538671750551,Bangunan
1369,1499,1620,1784,2617,0.04817861338185117,-0.08681084371403873,111.88489829786539,-6.891890690502146,Bangunan
733,804,995,1570,2805,0.22417153987361735,-0.3226621734108416,111.88498252048525,-6.891518144737257,Bangunan
780,938,1054,1538,2917,0.18672839498968813,-0.2423263326969603,111.88728211055312,-6.891693872711298,Bangunan
949,1028,1204,1721,2792,0.17675213669170867,-0.252091669606369,111.88776717691066,-6.891851468289819,Bangunan
615,760,851,1709,2894,0.3351562498690796,-0.38436613998203073,111.87930962265824,-6.891169220100364,Bangunan
615,760,851,1709,2894,0.3351562498690796,-0.38436613998203073,111.87885658350798,-6.891013891310461,Bangunan
939,1109,1470,1867,3147,0.11896913391700056,-0.2547043009896827,111.87912426786527,-6.891596445051769,Bangunan
615,760,851,1709,2894,0.3351562498690796,-0.38436613998203073,111.87852849628948,-6.891413280971832,Bangunan
939,1109,1470,1867,3147,0.11896913391700056,-0.2547043009896827,111.87889984274916,-6.892016368224663,Bangunan
720,896,1066,1663,3038,0.21876145100082028,-0.29972645552961064,111.87825000496456,-6.891888599955383,Bangunan
651,848,987,1977,3200,0.33400809705330364,-0.39964601755764745,111.87885898119909,-6.892551133813598,Bangunan
720,896,1066,1663,3038,0.21876145100082028,-0.29972645552961064,111.87808004693413,-6.892434745005327,Bangunan
1536,1698,1766,2030,2962,0.06954689144637859,-0.08905579396752795,111.8779410418351,-6.893000709514837,Bangunan
651,848,987,1977,3200,0.33400809705330364,-0.39964601755764745,111.8785552152145,-6.893092604462933,Bangunan
288,490,350,2604,1750,0.7630331750971452,-0.683257918331203,111.95149617078314,-7.374365817426504,Lahan Hijau
354,577,340,3161,1628,0.805769779832685,-0.6912787585095562,111.99367822892711,-7.386248908685826,Lahan Hijau
237,488,251,2610,1620,0.8245368749302563,-0.6849580372224151,112.03522684194027,-7.3925625654970295,Lahan Hijau
303,506,301,2839,1761,0.808280254519656,-0.6974588936629421,112.0813678236961,-7.392301834024852,Lahan Hijau
301,572,359,2952,1914,0.7831470852361381,-0.6753688987867852,112.13024857952021,-7.3891755340256555,Lahan Hijau
320,597,341,2952,1844,0.7928940173723371,-0.6635672018417675,112.10189254973358,-7.418909729471144,Lahan Hijau
286,472,433,2042,2279,0.6501010098383431,-0.624502784158909,111.91212296285282,-7.455697980127887,Lahan Hijau
408,586,547,2206,2216,0.602615328513398,-0.580229226153213,111.72324174887054,-7.577317168027854,Lahan Hijau
249,432,352,2196,1916,0.7237048662779808,-0.671232876456913,111.75500809584256,-7.618932597591831,Lahan Hijau
408,639,749,2450,2034,0.5317286650416603,-0.5862738748506722,111.70258401180521,-7.6935473731982285,Lahan Hijau
266,441,292,2572,1717,0.7960893851968962,-0.7072685029182647,111.74354305218526,-7.68881050684629,Lahan Hijau
427,564,550,2057,2186,0.5780590715082244,-0.5696299120299009,111.65353535266412,-7.616618018353515,Lahan Hijau
264,458,290,2755,1831,0.8095238092579561,-0.714908185273916,111.62122976721113,-7.306796263593275,Lahan Hijau
273,565,275,2867,1759,0.8249522594446365,-0.670745920550482,111.63056408138056,-7.3030144743436285,Lahan Hijau
476,649,692,2376,2340,0.5488917860010132,-0.5709090907203607,111.63065140839687,-7.314966428128829,Lahan Hijau
277,523,299,3000,1884,0.8187329491304235,-0.7030939538168908,111.64126390443305,-7.310198524870219,Lahan Hijau
334,573,396,3227,2017,0.7813966324092199,-0.698421052447784,111.6505479505096,-7.316830821811693,Lahan Hijau
221,435,253,2460,1753,0.8134906005110614,-0.6994818650433569,111.66208029502008,-7.321051858952238,Lahan Hijau
221,417,221,2345,1534,0.8277474665519301,-0.6980448947508889,111.67560685121049,-7.321042149499404,Lahan Hijau
272,480,307,2733,1952,0.798026315526965,-0.701213818642635,111.68059266308704,-7.332065267851616,Lahan Hijau
229,403,287,1873,1786,0.7342592589193244,-0.6458699469921486,111.67890211640484,-7.343318057082796,Lahan Hijau
278,499,294,3324,1863,0.8374792700836154,-0.7389484695948343,111.68839811182465,-7.343318847247265,Lahan Hijau
430,635,724,2239,2104,0.5113061085010779,-0.5581071675163163,111.67591120945602,-7.354458015886748,Lahan Hijau
219,418,233,2629,1697,0.8371767991484358,-0.7256317687149223,111.687613495567,-7.353818690958877,Lahan Hijau
208,346,202,2176,1534,0.8301093352270357,-0.7256145913062592,111.72500661531535,-7.338871358831401,Lahan Hijau
484,688,764,2340,2289,0.5077319585993132,-0.5455746365437336,111.81790805656972,-7.6198453531587065,Lahan Hijau
315,577,383,3210,1878,0.7868076813841337,-0.6952733032227956,111.38237444028428,-7.705192924374433,Lahan Hijau
357,600,433,2846,2117,0.7358950897420266,-0.6517701681219472,111.39208514479114,-7.715732630730834,Lahan Hijau
363,654,407,3347,1899,0.7831646241920179,-0.6730817293993797,111.3990520907101,-7.726019020183621,Lahan Hijau
390,575,505,2196,2500,0.6260644203531787,-0.5849873689696906,111.33133945027609,-7.7946982634998125,Lahan Hijau
583,828,1096,2620,2711,0.41011840677876255,-0.5197215775754868,111.3507886723322,-7.780123110381293,Lahan Hijau
300,459,269,2595,1894,0.8121508377052546,-0.6994106088083135,111.38963262321265,-7.774667565772106,Lahan Hijau
419,624,581,2315,2148,0.598756905870595,-0.5753657704745269,111.38237526125108,-7.792541322745127,Lahan Hijau
360,538,588,2244,1932,0.5847457625053865,-0.6132278933812985,111.35995805317764,-7.813122720673149,Lahan Hijau
423,610,757,2659,2378,0.5567915689236559,-0.6267971854919556,111.34809911300813,-7.821408299538144,Lahan Hijau
424,688,634,2950,2623,0.6462053569625543,-0.6217702032375563,111.3269178394213,-7.820157095118197,Lahan Hijau
562,797,1002,2546,3267,0.4351747462133104,-0.5231827698105944,111.34034366389355,-7.83094651411357,Lahan Hijau
495,824,616,5033,2848,0.7819083022159836,-0.7186272834695873,111.32504532034407,-7.857234473781385,Lahan Hijau
306,416,480,1719,1999,0.5634379260739255,-0.6103044493628551,111.14853234602103,-7.899456074001333,Lahan Hijau
481,808,555,4079,2560,0.7604661198186304,-0.6693267852119241,111.13661909037704,-7.916374591315276,Lahan Hijau
513,800,932,3132,2351,0.5413385825439619,-0.5930824006630004,111.1009781534534,-7.921371427850112,Lahan Hijau
316,571,313,3645,1476,0.8418393125715414,-0.7291271345519148,111.72494608429845,-8.155389935275387,Lahan Hijau
383,608,712,2462,2310,0.551354757230197,-0.6039087945915607,111.71772866439065,-8.16215823781825,Lahan Hijau
352,495,574,1990,2126,0.5522620902682286,-0.6016096577055897,111.71758719118894,-8.173742157971375,Lahan Hijau
320,579,450,3296,2187,0.7597437264389366,-0.7011612901416359,111.7162686254496,-8.182123429630838,Lahan Hijau
320,548,522,2703,1920,0.676279069557743,-0.6628729619615894,111.70750984346908,-8.182962032882996,Lahan Hijau
387,636,387,4000,1719,0.8235696373778049,-0.7256255391014612,111.71464897888492,-8.255968067665032,Lahan Hijau
243,380,228,3331,1212,0.8718741216993892,-0.7952034489907832,111.71989471989214,-8.242004466617246,Lahan Hijau
376,592,353,4027,1847,0.8388127851966181,-0.7436674603282815,111.72362628150398,-8.253977186120938,Lahan Hijau
172,372,204,3024,1380,0.8736059476847565,-0.7809187276852418,111.73323474674504,-8.24335383919144,Lahan Hijau
269,546,280,3074,1230,0.8330351816240206,-0.6983425412435518,112.66514670239438,-7.194269724921818,Mangrove
243,462,377,2172,1574,0.7041977243216172,-0.6492027332387234,112.66607959159742,-7.169077116254429,Mangrove
197,367,208,2130,706,0.8220701450718263,-0.7060472564252914,112.66410381559638,-7.212909608230801,Mangrove
282,455,282,2461,823,0.7943857087880475,-0.6879286691742358,112.664682486883,-7.21372722827837,Mangrove
282,455,282,2461,823,0.7943857087880475,-0.6879286691742358,112.66517554983285,-7.214406076943905,Mangrove
334,581,344,951,525,0.4687258683639182,-0.24151436015566946,112.66540966082684,-7.215058202830103,Mangrove
1260,1567,1770,2893,3724,0.2408320822987707,-0.2973094169736974,112.66543305287787,-7.215628046871325,Mangrove
345,523,514,1929,1765,0.5792058941550529,-0.5734094614300941,112.66601624809653,-7.215901437623873,Mangrove
302,604,319,3088,1027,0.8127384793622723,-0.6728060669900309,112.66273904447938,-7.210642081120748,Mangrove
302,604,319,3088,1027,0.8127384793622723,-0.6728060669900309,112.66321284671962,-7.211196407412472,Mangrove
193,307,196,2137,721,0.8319759962143266,-0.7487725037852814,112.66329601380629,-7.211935768776742,Mangrove
139,317,139,2563,682,0.8971132491128375,-0.779861110840326,112.69551421094205,-7.141250187823924,Mangrove
131,340,126,3250,679,0.9253554499628687,-0.8105849579914806,112.69495010798485,-7.142181582561138,Mangrove
170,412,146,3335,732,0.9161160583406733,-0.7800907390498824,112.69466592962549,-7.143215009037561,Mangrove
194,486,202,3210,933,0.8815943725434953,-0.7370129868135787,112.69415739711087,-7.144161989636676,Mangrove
135,326,119,3003,678,0.9237668158476083,-0.8041453887641498,112.69365646969906,-7.145001013433594,Mangrove
82,315,99,2983,700,0.9357560022920973,-0.8089751362010384,112.69333374292935,-7.145744927380854,Mangrove
185,488,206,3289,908,0.8821173101910966,-0.7415938573625646,112.69265099168251,-7.147897702810581,Mangrove
152,357,146,3144,794,0.9112462003309283,-0.7960582688386009,112.69239813041153,-7.148758455887409,Mangrove
189,458,195,3379,690,0.8908785671821828,-0.7612718267497337,112.6924570700944,-7.149580782816966,Mangrove
234,601,286,3037,1043,0.8278663855468353,-0.6695986804096761,112.69207806166413,-7.15063440518518,Mangrove
1473,1672,1815,2200,2240,0.09589041093502107,-0.1363636363284185,112.69545837273792,-7.156517840236928,Mangrove
166,465,190,3003,902,0.8809896646160383,-0.7318339098235773,112.69593622077136,-7.157118176099965,Mangrove
773,991,819,420,125,-0.32203389804517035,0.4046775333772661,112.6963301035892,-7.157763863124574,Mangrove
125,363,135,2874,726,0.9102691921202163,-0.7757182574063274,112.69676499335729,-7.15830842308792,Mangrove
323,497,374,2169,1341,0.7058592211144872,-0.6271567889620567,112.02223347327124,-6.852462547792444,Mangrove
932,1216,1330,2513,2038,0.30783242250641885,-0.34781442736717233,112.02256027191869,-6.852965368368828,Mangrove
932,1216,1330,2513,2038,0.30783242250641885,-0.34781442736717233,112.02288373047668,-6.853470775504992,Mangrove
257,439,328,2128,1352,0.7328990225028913,-0.6579664976011038,112.0232716543146,-6.853936369295675,Mangrove
254,387,290,1801,1074,0.7226207552737347,-0.646252284896594,112.02365208748303,-6.8545691101371276,Mangrove
254,387,290,1801,1074,0.7226207552737347,-0.646252284896594,112.0240548284431,-6.855173693053405,Mangrove
402,578,392,342,783,-0.06811989091536799,0.2565217388516068,112.0244590483932,-6.855689880831618,Mangrove
196,286,154,2573,575,0.887055371878601,-0.7999300451906506,112.24278049929438,-6.873264680169616,Mangrove
217,375,202,2582,686,0.8548850571641936,-0.7463645584219262,112.24424577730078,-6.8730825457549685,Mangrove
226,320,209,1745,545,0.7860798358310748,-0.690072638891006,112.24192877394051,-6.872594596429689,Mangrove
334,467,279,2245,661,0.7789223451747534,-0.6556047195222696,112.32280351609236,-6.865357104408567,Mangrove
334,467,279,2245,661,0.7789223451747534,-0.6556047195222696,112.32334221720295,-6.865087957210026,Mangrove
331,405,262,2043,516,0.7726681124630508,-0.6691176467854912,112.32389783987826,-6.865108128362214,Mangrove
273,377,258,2067,751,0.7780645157943809,-0.6914893614191943,112.32465978915104,-6.86490862016935,Mangrove
273,377,258,2067,751,0.7780645157943809,-0.6914893614191943,112.32518123363184,-6.864558804041689,Mangrove
717,878,623,302,213,-0.3470270266518627,0.4881355928066647,112.32564595202345,-6.864356775294875,Mangrove
717,878,623,302,213,-0.3470270266518627,0.4881355928066647,112.32632295682015,-6.86446526973119,Mangrove
686,789,569,429,210,-0.14028056098168282,0.2955665022203887,112.32704155181956,-6.864474838372887,Mangrove
685,869,799,1877,725,0.4028400596401943,-0.3670793880673418,112.32761019781505,-6.864228041741676,Mangrove
331,389,268,1084,471,0.6035502954115751,-0.4718262047034445,112.3289425306602,-6.863553839755953,Mangrove
331,389,268,1084,471,0.6035502954115751,-0.4718262047034445,112.32949040529431,-6.863827896939004,Mangrove
569,790,679,2890,1373,0.6195012606838046,-0.570652173757975,112.3295781885713,-6.864561997753026,Mangrove
569,790,679,2890,1373,0.6195012606838046,-0.570652173757975,112.33003952173853,-6.864664077660381,Mangrove
250,428,222,3096,1055,0.8661844482018733,-0.7570942109088836,112.71993686511613,-7.039760830020739,Mangrove
215,454,245,2849,1084,0.8416289590039985,-0.7250983951785958,112.72190801490598,-7.039131187841507,Mangrove
326,587,278,131,70,-0.3594132020552244,0.6350974921516748,112.46660764270304,-8.180414215233,Ranu
325,466,248,124,54,-0.333333332437276,0.5796610159666763,112.4889690757187,-8.189182560160356,Ranu
268,443,268,35,81,-0.7689768951518915,0.8535564835699655,112.2196296542443,-7.199039848095581,Ranu
243,439,245,78,94,-0.5170278621763843,0.6982591862702917,112.26794780389359,-7.206075389626719,Ranu
404,664,507,2461,1933,0.65835579492643,-0.5750399998159872,112.40384996468579,-7.158532751628834,Ranu
478,865,572,3065,1858,0.6854550451785937,-0.5597964375165912,112.48440290419455,-7.152792046836589,Ranu
354,531,423,1546,1064,0.5703402739612289,-0.4886856040015958,112.50091954340287,-7.176900468404064,Ranu
519,760,582,2892,2387,0.6649395507585091,-0.5837897041117772,112.52436970879441,-7.197600088741201,Ranu
220,251,161,36,56,-0.6345177632765596,0.7491289172504219,112.3588586418995,-7.8733410868089395,Ranu
227,233,185,74,61,-0.42857142691671263,0.5179153077592336,112.35835947294107,-7.870059645391357,Ranu
204,237,164,55,76,-0.4977168927044891,0.6232876690983299,112.3596174878899,-7.86776537661541,Ranu
232,247,161,96,74,-0.25291828695362534,0.44023323486812466,112.36067686641667,-7.865417056803655,Ranu
253,253,199,228,171,0.0679156907074574,0.05197505186699573,112.36170849756542,-7.862967466098907,Ranu
220,305,147,192,119,0.13274336244028506,0.22736418465319078,112.36476962261733,-7.861600099458158,Ranu
195,278,171,163,96,-0.023952095736670374,0.26077097446537195,112.36426105317724,-7.859159913179613,Ranu
222,298,182,177,102,-0.013927576562875832,0.2547368415689751,112.36317974683693,-7.856447502205549,Ranu
240,285,193,195,93,0.005154639161972579,0.187499999609375,112.36444960916943,-7.854210019080667,Ranu
173,179,138,126,72,-0.04545454528236915,0.17377049123353938,112.36878135032208,-7.861003161921387,Ranu
129,218,152,431,300,0.478559175851528,-0.32819722599661444,112.94601894851066,-8.013182328823191,Ranu
122,177,103,113,136,0.04629629608196159,0.220689654411415,112.94678277337623,-8.01298552222558,Ranu
120,192,99,121,108,0.09999999954545455,0.22683705997815637,112.94686113938084,-8.01242996065628,Ranu
120,192,99,121,108,0.09999999954545455,0.22683705997815637,112.94698393082771,-8.011941001718728,Ranu
154,231,130,178,153,0.15584415533816834,0.12958435176140745,112.94690721341011,-8.011438901153229,Ranu
154,231,130,178,153,0.15584415533816834,0.12958435176140745,112.94676969695733,-8.01102097383668,Ranu
110,231,87,-18,72,-1.5217391083805927,1.1690140790187133,112.9518004859639,-8.013164390394278,Ranu
318,456,288,121,132,-0.4083129574368876,0.5805892537598106,112.2117781592365,-7.22159639227782,Ranu
375,634,518,417,1093,-0.10802139025880066,0.20647002834779252,111.89774683275235,-7.367001180222242,Ranu
368,598,464,2571,2077,0.694233937168292,-0.6225938779985504,111.8984795438671,-7.372893329738935,Ranu
490,723,571,401,401,-0.17489711916162848,0.2864768680725294,111.89690337754563,-7.37782131023158,Ranu
898,1215,1200,1475,1150,0.10280373827932571,-0.09665427505700586,111.91095668485077,-7.369926688322333,Ranu
301,480,308,204,476,-0.2031249996032715,0.4035087713398995,111.90752805260757,-7.374889657501248,Ranu
250,304,197,6,73,-0.9408866948724793,0.9612903194797087,111.8518459745497,-7.366179540457877,Ranu
829,1295,1074,705,734,-0.207419898702968,0.2949999998525,111.8650617261103,-7.363747739678772,Ranu
424,811,493,4318,2465,0.7950530033683115,-0.683759017218998,111.85707946666666,-7.3651276333333335,Ranu
282,407,285,63,59,-0.6379310326496235,0.7319148920597556,111.86775901030545,-7.367083143052323,Ranu
262,458,271,55,79,-0.6625766850841206,0.7855750472016081,111.87220248538023,-7.3721367085424285,Ranu
950,1257,1232,1844,2709,0.1989596878416906,-0.1892937761401826,111.87690281547734,-7.377477618748961,Ranu
367,643,589,2771,2132,0.6494047617114868,-0.6233157584583141,111.87078929068853,-7.379231696448593,Ranu
269,451,330,201,178,-0.24293785264983456,0.3834355822339945,111.70422929326566,-7.4462295173041095,Ranu
251,442,290,187,190,-0.21593291359343206,0.4054054047608817,111.70787020849795,-7.445995926144448,Ranu
251,432,273,484,495,0.2787318358273027,-0.056768558889990654,111.70482460487517,-7.448142081475859,Ranu
388,557,638,1713,2140,0.45725223289780853,-0.5092511010972463,111.70319776693034,-7.449276624291748,Ranu
268,378,273,201,349,-0.15189873385675373,0.3056994813373066,111.70234271755281,-7.451053095942875,Ranu
247,384,245,343,1001,0.16666666638321995,0.056396148478134595,111.70479931292259,-7.450639407603235,Ranu
365,479,299,136,82,-0.37471264281675254,0.5577235763289048,111.56809384245592,-7.406742101174321,Ranu
347,550,285,195,164,-0.187499999609375,0.47651006647448313,111.56186358405834,-7.400790654024614,Ranu
359,479,285,168,109,-0.2582781451252138,0.4806800610808654,111.57396825066616,-7.399034897374896,Ranu
297,442,265,140,266,-0.308641974546563,0.5189003427510304,111.54491019610994,-7.3836092159580184,Ranu
293,454,261,159,171,-0.24285714227891156,0.4812398034563788,111.61187240308959,-7.413447465238849,Ranu
291,427,251,118,119,-0.3604336033592585,0.5669724760239038,111.61654865582193,-7.410068759131598,Ranu
581,434,197,126,146,-0.21981424080552867,0.5499999990178571,111.69909957156725,-6.59043068997858,Perairan Laut
629,524,248,139,112,-0.28165374604223836,0.5806938151120757,111.88301504761384,-6.682793861671452,Perairan Laut
559,458,203,136,153,-0.1976401174110911,0.5420875411749368,112.11667682009629,-6.7494059109580995,Perairan Laut
571,388,235,172,196,-0.15479115441083255,0.3857142850255102,111.8201239621681,-6.435291231278157,Perairan Laut
510,349,213,151,161,-0.17032966986173168,0.395999999208,112.00587338111072,-6.5497180633596415,Perairan Laut
499,361,213,183,216,-0.07575757556626875,0.32720588175145976,112.2294496496187,-6.61226211749341,Perairan Laut
510,491,224,138,133,-0.23756906011721254,0.561208266198397,112.34807225997972,-6.7803349755317806,Perairan Laut
449,338,222,230,165,0.017699115005090454,0.19014084473566753,112.43108383322021,-6.615566443010718,Perairan Laut
536,386,193,169,185,-0.06629834235829188,0.39099099028650275,111.8941785723121,-6.277848221886398,Perairan Laut
528,346,210,174,174,-0.09374999975585938,0.3307692301331361,112.03299386864941,-6.384608774545672,Perairan Laut
471,355,235,187,197,-0.11374407555984817,0.3099630990591087,112.16937281221199,-6.455744766560257,Perairan Laut
533,358,249,202,202,-0.10421286007935064,0.2785714280739796,111.98663395197998,-6.166149989557519,Perairan Laut
794,625,471,381,393,-0.10563380269291807,0.24254473136923982,112.13483758830822,-6.259061553359767,Perairan Laut
655,529,330,279,318,-0.08374384222702161,0.30940594021113127,112.28409811782628,-6.332584836111799,Perairan Laut
444,321,188,180,174,-0.021739130375708886,0.28143712518675223,112.35131516134552,-6.465282815855989,Perairan Laut
492,372,289,215,277,-0.14682539653407659,0.2674616690503208,112.5149211532113,-6.474648340031802,Perairan Laut
523,351,252,206,152,-0.10043668100341337,0.26032315931719363,112.08930412284731,-6.0317747048365575,Perairan Laut
651,565,361,367,362,0.008241758230437145,0.21244635170338375,112.2481626240041,-6.133244333317295,Perairan Laut
641,483,327,258,200,-0.11794871774709621,0.30364372428658065,112.3661000537772,-6.216390908574438,Perairan Laut
452,313,214,164,99,-0.13227513192519808,0.3123689720914697,112.48094084957053,-6.305860367901241,Perairan Laut
541,597,251,161,186,-0.21844660141153738,0.5751978884232218,112.54141176450332,-6.776892527982129,Perairan Laut
404,331,218,187,243,-0.07654320968754763,0.2779922774556134,112.60389022718242,-6.599812558163193,Perairan Laut
517,393,287,238,289,-0.09333333315555556,0.24564183796253275,112.6984992,-6.451731081824535,Perairan Laut
509,390,268,210,259,-0.12133891188004411,0.2999999995,112.61133699141814,-6.346804337335339,Perairan Laut
444,364,199,171,205,-0.07567567547114683,0.3607476628771072,112.6747744,-6.746420533333333,Perairan Laut
787,959,496,124,59,-0.5999999990322581,0.7710064628153217,112.8807546533741,-7.255341962250414,Perairan Laut
680,683,246,97,61,-0.43440233109503695,0.7512820503188692,113.01795595856302,-7.26933802706465,Perairan Laut
705,761,325,99,48,-0.5330188666674084,0.7697674409653867,112.91091280376558,-7.3694398945779085,Perairan Laut
345,373,176,85,52,-0.34865900249555937,0.6288209593257185,112.9454028637876,-7.478917348769138,Perairan Laut
303,211,109,80,62,-0.15343915262730606,0.4501718197588597,113.07685264129836,-7.374084661305492,Perairan Laut
323,246,125,86,75,-0.18483412234675772,0.48192770939178403,113.17245931014357,-7.282100384194583,Perairan Laut
266,212,79,53,53,-0.19696969547750232,0.5999999977358491,113.0256074724499,-7.54355041339206,Perairan Laut
249,175,108,75,71,-0.18032786786706084,0.3999999984,113.18477012738953,-7.416790326306531,Perairan Laut
230,173,99,84,71,-0.08196721266684584,0.3463035005980409,113.34244887571376,-7.283417973253124,Perairan Laut
320,293,131,75,51,-0.2718446588745405,0.5923913027380672,113.11373027475057,-7.637843097219102,Perairan Laut
257,198,90,63,60,-0.1764705870818916,0.5172413773285771,113.21600873719201,-7.5484584094448195,Perairan Laut
262,185,77,60,44,-0.12408759033512708,0.5102040795501874,113.3204542461088,-7.66320069221644,Perairan Laut
255,153,87,64,57,-0.1523178797859743,0.41013824695788825,113.37306369180415,-7.525820501942569,Perairan Laut
238,168,92,75,58,-0.10179640657606942,0.38271604780775287,113.43206806332113,-7.396717159654749,Perairan Laut
232,137,75,58,59,-0.12781954791113123,0.4051282030506246,113.54611095000872,-7.553787172988696,Perairan Laut
434,299,227,161,179,-0.17010309234509513,0.29999999934782606,112.2051993150069,-5.872760967944309,Perairan Laut
456,359,263,211,237,-0.10970464111876659,0.2596491223514928,112.38303127799136,-5.997269036562534,Perairan Laut
514,367,267,210,139,-0.11949685509539443,0.2720970532545978,112.48584690829432,-6.110640469473966,Perairan Laut
606,450,350,259,207,-0.14942528711096012,0.26939351160875386,112.62471454885366,-6.182904057443346,Perairan Laut
514,375,264,209,178,-0.11627906952160873,0.2842465748557422,112.77010791618625,-6.232642507611698,Perairan Laut
429,268,174,134,152,-0.12987012944847362,0.33333333250414593,112.84740920263229,-6.354172883877583,Perairan Laut
894,1046,585,179,106,-0.5314136118698775,0.707755101463057,112.71026753266045,-6.896265245942549,Perairan Laut
500,340,165,108,111,-0.20879120802640583,0.5178571417012118,112.86797147314124,-6.76840968488026,Perairan Laut
399,242,135,100,98,-0.14893616957899503,0.4152046771485243,112.75928973991182,-6.611438269344607,Perairan Laut
487,368,131,86,86,-0.20737327093376373,0.6211453730811776,113.59462670717475,-7.289050017112711,Perairan Laut
